name,address,phone
Hospital One,1 First St,555-0301
Hospital Two,2 Second St,555-0302
Hospital Three,3 Third St,555-0303
Hospital Four,4 Fourth St,555-0304
Hospital Five,5 Fifth St,555-0305
Hospital Six,6 Sixth St,555-0306
Hospital Seven,7 Seventh St,555-0307
Hospital Eight,8 Eighth St,555-0308
Hospital Nine,9 Ninth St,555-0309
Hospital Ten,10 Tenth St,555-0310
Hospital Eleven,11 Eleventh St,555-0311
Hospital Twelve,12 Twelfth St,555-0312
Hospital Thirteen,13 Thirteenth St,555-0313
Hospital Fourteen,14 Fourteenth St,555-0314
Hospital Fifteen,15 Fifteenth St,555-0315
Hospital Sixteen,16 Sixteenth St,555-0316
Hospital Seventeen,17 Seventeenth St,555-0317
Hospital Eighteen,18 Eighteenth St,555-0318
Hospital Nineteen,19 Nineteenth St,555-0319
Hospital Twenty,20 Twentieth St,555-0320
Hospital TwentyOne,21 TwentyFirst St,555-0321
